elapsed_s,v12a_mv,v12b_mv,v20a_mv,v20b_mv
0.0,1375,236,1084,113
0.1,2410,186,1153,96
0.3,2411,184,1160,95
0.4,2410,182,1173,95
0.5,2410,180,1178,94
0.6,2411,179,1187,94
0.7,2411,180,1193,92
0.9,2409,178,1205,94
1.0,2411,178,1213,93
1.1,2411,178,1222,91
1.2,2410,177,1222,95
1.3,2410,177,1236,89
1.5,2410,177,1241,91
1.6,2411,176,1250,90
1.7,2411,176,1256,92
1.8,2410,176,1259,91
1.9,2410,175,1264,90
2.1,2410,177,1274,94
2.2,2411,176,1279,93
2.3,2411,176,1281,92
2.4,2411,175,1285,93
2.5,2411,174,1289,92
2.7,2410,168,1292,94
2.8,2411,166,1296,93
2.9,2411,172,1295,95
3.0,2411,171,1302,94
3.1,2412,171,1306,93
3.3,2411,171,1308,96
3.4,2411,171,1309,96
3.5,2412,168,1311,97
3.6,2411,165,1315,99
3.7,2411,164,1316,96
3.9,2412,164,1320,99
4.0,2413,164,1325,98
4.1,2411,168,1328,106
4.2,2411,169,1330,103
4.3,2410,168,1330,104
4.5,2410,168,1332,107
4.6,2411,167,1333,106
4.7,2411,169,1337,108
4.8,2411,167,1338,107
4.9,2409,165,1335,105
5.1,2411,165,1339,106
5.2,2411,168,1342,107
5.3,2410,167,1345,109
5.4,2411,166,1346,107
5.5,2410,165,1348,107
5.7,2411,164,1349,109
5.8,2412,166,1350,109
5.9,2410,164,1351,109
6.0,2411,162,1353,111
6.1,2411,163,1355,111
6.3,2410,164,1355,113
6.4,2410,161,1354,113
6.5,2411,163,1356,113
6.6,2411,161,1356,113
6.7,2411,163,1358,113
6.9,2411,162,1356,115
7.0,2410,163,1358,115
7.1,2412,162,1354,113
7.2,2411,162,1359,115
7.3,2410,163,1359,116
7.5,2412,158,1360,116
7.6,2411,158,1361,115
7.7,2411,158,1359,116
7.8,2409,161,1362,117
7.9,2411,161,1361,115
8.1,2409,163,1362,117
8.2,2409,162,1361,116
8.3,2411,159,1357,116
8.4,2411,163,1360,116
8.5,2410,163,1362,115
8.7,2409,164,1364,115
8.8,2410,164,1362,115
8.9,2410,165,1356,115
9.0,2410,162,1359,114
9.1,2409,162,1363,114
9.3,2408,164,1363,113
9.4,2409,162,1362,114
9.5,2410,164,1361,112
9.6,2412,162,1363,108
9.7,2410,164,1362,111
9.9,2410,165,1361,111
10.0,2411,166,1360,111
10.1,2411,161,1351,111
10.2,2410,159,1358,109
10.3,2410,165,1360,109
10.5,2409,167,1358,108
10.6,2410,167,1361,108
10.7,2410,163,1360,108
10.8,2411,164,1359,108
10.9,2410,167,1349,106
11.1,2411,169,1359,102
11.2,2410,166,1360,106
11.3,2410,169,1362,101
11.4,2411,166,1352,102
11.5,2411,169,1361,103
11.7,2410,169,1360,102
11.8,2408,170,1362,98
11.9,2411,171,1361,100
12.0,2410,170,1360,98
12.1,2410,164,1360,100
12.3,2409,168,1360,97
12.4,2410,169,1361,98
12.5,2411,174,1360,96
12.6,2412,174,1360,98
12.7,2410,172,1359,97
12.9,2411,174,1358,94
13.0,2410,175,1359,93
13.1,2409,176,1347,95
13.2,2411,176,1356,93
13.3,2411,175,1352,96
13.5,2411,176,1357,93
13.6,2410,176,1355,95
13.7,2412,177,1354,91
13.8,2410,174,1352,93
13.9,2410,176,1341,93
14.1,2410,179,1350,90
14.2,2411,178,1339,88
14.3,2410,180,1349,92
14.4,2410,179,1345,91
14.5,2410,179,1345,91
14.7,2410,180,1345,86
14.8,2411,181,1346,89
14.9,2410,181,1345,87
15.0,2409,181,1342,89
15.1,2412,181,1343,87
15.3,2412,180,1342,89
15.4,2408,176,1342,89
15.5,2413,176,1342,88
15.6,2410,174,1338,89
15.7,2412,175,1340,89
15.9,2411,177,1339,88
16.0,2412,177,1339,87
16.1,2412,179,1338,89
16.2,2412,180,1339,88
16.3,2411,179,1339,88
16.5,2411,181,1337,89
16.6,2413,180,1328,89
16.7,2411,180,1337,88
16.8,2411,181,1336,89
16.9,2411,182,1336,88
17.1,2412,180,1336,90
17.2,2411,181,1335,89
17.3,2412,181,1335,91
17.4,2411,180,1333,90
17.5,2413,179,1336,89
17.7,2411,180,1335,90
17.8,2409,179,1334,90
17.9,2411,179,1334,90
18.0,2411,178,1335,90
18.1,2412,177,1334,88
18.3,2412,177,1334,92
18.4,2413,176,1334,91
18.5,2413,176,1334,92
18.6,2413,176,1333,92
18.7,2412,175,1329,91
18.9,2410,173,1321,93
19.0,2412,173,1320,94
19.1,2413,175,1332,93
19.2,2412,175,1326,94
19.3,2412,173,1330,93
19.5,2413,171,1325,94
19.6,2411,164,1330,97
19.7,2411,170,1333,97
19.8,2413,168,1330,95
19.9,2411,169,1332,96
20.1,2413,168,1333,99
20.2,2412,169,1333,99
20.3,2412,168,1333,99
20.4,2412,167,1321,99
20.5,2413,165,1332,98
20.7,2411,165,1330,102
20.8,2412,165,1321,102
20.9,2413,164,1330,103
21.0,2413,164,1331,103
21.1,2412,162,1331,103
21.3,2412,166,1326,105
21.4,2412,165,1332,106
21.5,2412,162,1333,106
21.6,2412,164,1332,108
21.7,2413,163,1333,107
21.9,2413,164,1332,110
22.0,2411,163,1333,110
22.1,2413,163,1334,111
22.2,2413,160,1333,111
22.3,2413,163,1331,112
22.5,2410,162,1332,112
22.6,2413,163,1333,113
22.7,2412,162,1329,112
22.8,2412,162,1328,114
22.9,2411,160,1333,112
23.1,2412,161,1333,115
23.2,2411,161,1326,114
23.3,2411,161,1328,118
23.4,2412,159,1331,115
23.5,2410,160,1331,113
23.7,2413,161,1332,117
23.8,2411,161,1332,114
23.9,2413,162,1331,115
24.0,2414,161,1332,115
24.1,2413,160,1333,116
24.3,2411,161,1329,116
24.4,2410,162,1331,115
24.5,2412,162,1332,116
24.6,2410,162,1332,114
24.7,2411,161,1333,115
24.9,2411,162,1332,114
25.0,2410,164,1329,113
25.1,2411,161,1320,113
25.2,2410,164,1332,112
25.3,2411,163,1332,113
25.5,2410,165,1329,108
25.6,2410,165,1330,111
25.7,2410,165,1328,107
25.8,2410,161,1328,109
25.9,2410,164,1328,109
26.1,2411,165,1329,109
26.2,2409,164,1322,108
26.3,2412,164,1328,110
26.4,2411,165,1328,106
26.5,2411,164,1316,108
26.7,2411,167,1324,107
26.8,2411,165,1325,107
26.9,2410,168,1324,103
27.0,2412,168,1325,104
27.1,2411,162,1324,101
27.3,2411,169,1324,100
27.4,2411,168,1324,97
27.5,2411,170,1321,97
27.6,2410,171,1320,95
27.7,2411,171,1324,98
27.9,2411,174,1314,93
28.0,2410,174,1320,97
28.1,2411,173,1322,93
28.2,2410,172,1320,95
28.3,2412,173,1315,94
28.5,2411,174,1318,90
28.6,2411,175,1313,89
28.7,2410,175,1319,91
28.8,2413,175,1319,88
28.9,2411,174,1311,91
29.1,2412,176,1318,87
29.2,2411,177,1312,90
29.3,2412,177,1317,91
29.4,2411,178,1316,89
29.5,2411,177,1318,90
29.7,2410,178,1318,86
29.8,2410,179,1318,88
29.9,2412,180,1318,87
