id,node_id,source,code,name,context,timestamp
1,gateway,gateway,4,boot,1,2026-08-24 11:43:43.321619
2,gateway,gateway,4,boot,1,2026-08-24 11:56:40.983739
3,gateway,gateway,4,boot,1,2026-08-24 12:25:07.164774
4,gateway,gateway,4,boot,1,2026-08-24 12:28:40.055926
5,gateway,gateway,4,boot,1,2026-08-24 12:35:43.171885
6,stage3-lowpower,node,7,i2c_sensor_missing,3,2026-08-24 12:47:12.470972
7,stage3-lowpower,node,8,air_sensor_nan,3,2026-08-24 12:47:12.482929
8,stage3-lowpower,node,1,cold_boot,1,2026-08-24 12:51:09.385760
9,stage3-lowpower,node,7,i2c_sensor_missing,1,2026-08-24 12:51:09.400654
10,stage3-lowpower,node,8,air_sensor_nan,1,2026-08-24 12:51:09.412970
11,stage3-lowpower,node,1,cold_boot,1,2026-08-24 12:51:39.977545
12,stage3-lowpower,node,7,i2c_sensor_missing,1,2026-08-24 12:51:39.989356
13,stage3-lowpower,node,8,air_sensor_nan,1,2026-08-24 12:51:40.001109
14,stage3-lowpower,node,7,i2c_sensor_missing,2,2026-08-24 12:59:53.922281
15,stage3-lowpower,node,8,air_sensor_nan,2,2026-08-24 12:59:53.937187
16,stage3-lowpower,node,7,i2c_sensor_missing,2,2026-08-24 13:04:27.667101
17,stage3-lowpower,node,8,air_sensor_nan,2,2026-08-24 13:04:27.683517
18,stage3-lowpower,node,7,i2c_sensor_missing,3,2026-08-24 13:05:27.619556
19,stage3-lowpower,node,8,air_sensor_nan,3,2026-08-24 13:05:27.631264
20,gateway,gateway,3,crc_error_burst,10,2026-08-24 13:07:41.195934
21,gateway,gateway,3,crc_error_burst,20,2026-08-24 13:08:01.430669
22,gateway,gateway,3,crc_error_burst,30,2026-08-24 13:08:21.467842
23,gateway,gateway,3,crc_error_burst,40,2026-08-24 13:08:41.674432
24,gateway,gateway,3,crc_error_burst,50,2026-08-24 13:09:11.890785
25,gateway,gateway,3,crc_error_burst,60,2026-08-24 13:09:31.925691
26,gateway,gateway,3,crc_error_burst,70,2026-08-24 13:09:52.125917
27,gateway,gateway,3,crc_error_burst,80,2026-08-24 13:10:12.298874
28,gateway,gateway,3,crc_error_burst,90,2026-08-24 13:10:32.351807
29,gateway,gateway,3,crc_error_burst,100,2026-08-24 13:10:52.542823
30,gateway,gateway,3,crc_error_burst,110,2026-08-24 13:11:12.614035
31,gateway,gateway,3,crc_error_burst,120,2026-08-24 13:11:32.733916
32,gateway,gateway,3,crc_error_burst,130,2026-08-24 13:13:14.758024
33,gateway,gateway,3,crc_error_burst,140,2026-08-24 13:14:17.957937
34,gateway,gateway,3,crc_error_burst,150,2026-08-24 13:14:38.027876
35,gateway,gateway,3,crc_error_burst,160,2026-08-24 13:18:18.391830
36,gateway,gateway,3,crc_error_burst,170,2026-08-24 13:18:48.191823
37,gateway,gateway,3,crc_error_burst,180,2026-08-24 13:19:38.430360
38,gateway,gateway,3,crc_error_burst,190,2026-08-24 13:19:58.271112
39,gateway,gateway,3,crc_error_burst,200,2026-08-24 13:20:28.019565
40,gateway,gateway,3,crc_error_burst,210,2026-08-24 13:22:23.766366
41,gateway,gateway,3,crc_error_burst,220,2026-08-24 13:22:43.643887
42,gateway,gateway,3,crc_error_burst,230,2026-08-24 13:23:03.577879
43,gateway,gateway,3,crc_error_burst,240,2026-08-24 13:23:23.327812
44,gateway,gateway,3,crc_error_burst,250,2026-08-24 13:23:43.167860
45,stage3-lowpower,node,1,cold_boot,1,2026-08-24 13:35:50.906983
46,gateway,gateway,3,crc_error_burst,260,2026-08-24 13:37:37.051609
47,gateway,gateway,3,crc_error_burst,270,2026-08-24 13:40:33.721636
48,stage3-lowpower,node,1,cold_boot,1,2026-08-24 13:45:19.326210
49,stage3-lowpower,node,1,cold_boot,1,2026-08-24 13:46:09.463397
50,gateway,gateway,3,crc_error_burst,280,2026-08-24 13:52:26.437893
51,stage3-lowpower,node,1,cold_boot,1,2026-08-24 13:54:38.819427
52,stage3-lowpower,node,1,cold_boot,1,2026-08-24 13:54:52.707869
53,gateway,gateway,3,crc_error_burst,290,2026-08-24 13:55:05.270417
54,gateway,gateway,3,crc_error_burst,300,2026-08-24 14:04:07.328232
55,gateway,gateway,3,crc_error_burst,310,2026-08-24 14:13:03.203656
56,gateway,gateway,3,crc_error_burst,320,2026-08-24 14:37:32.173710
57,gateway,gateway,3,crc_error_burst,340,2026-08-24 14:58:11.895373
58,gateway,gateway,3,crc_error_burst,350,2026-08-24 15:02:49.731423
59,gateway,gateway,3,crc_error_burst,360,2026-08-24 15:06:29.341605
60,gateway,gateway,3,crc_error_burst,370,2026-08-24 15:12:33.783342
61,gateway,gateway,3,crc_error_burst,380,2026-08-24 15:14:50.707149
62,gateway,gateway,3,crc_error_burst,390,2026-08-24 15:15:34.977008
63,gateway,gateway,3,crc_error_burst,400,2026-08-24 15:17:15.675850
64,gateway,gateway,3,crc_error_burst,410,2026-08-24 15:22:33.863680
65,gateway,gateway,3,crc_error_burst,420,2026-08-24 15:32:23.906023
66,gateway,gateway,3,crc_error_burst,430,2026-08-24 15:47:36.130431
67,gateway,gateway,3,crc_error_burst,440,2026-08-24 15:57:32.247593
68,gateway,gateway,3,crc_error_burst,450,2026-08-24 16:12:32.370072
69,gateway,gateway,3,crc_error_burst,460,2026-08-24 16:27:38.580736
70,gateway,gateway,3,crc_error_burst,470,2026-08-24 16:42:38.679613
71,gateway,gateway,3,crc_error_burst,480,2026-08-24 17:02:22.734494
72,gateway,gateway,3,crc_error_burst,490,2026-08-24 17:17:28.890741
73,gateway,gateway,3,crc_error_burst,500,2026-08-24 17:32:39.210661
74,gateway,gateway,3,crc_error_burst,510,2026-08-24 17:52:23.230184
75,gateway,gateway,3,crc_error_burst,520,2026-08-24 18:07:23.353136
76,gateway,gateway,3,crc_error_burst,530,2026-08-24 18:22:23.436504
77,gateway,gateway,3,crc_error_burst,540,2026-08-24 18:37:29.597904
78,gateway,gateway,3,crc_error_burst,550,2026-08-24 18:52:39.833089
79,gateway,gateway,3,crc_error_burst,560,2026-08-24 19:12:33.819621
80,gateway,gateway,3,crc_error_burst,570,2026-08-24 19:24:34.614447
81,gateway,gateway,3,crc_error_burst,580,2026-08-24 19:32:41.958758
82,gateway,gateway,3,crc_error_burst,590,2026-08-24 19:47:36.095553
83,gateway,gateway,3,crc_error_burst,600,2026-08-24 20:07:24.172926
84,gateway,gateway,3,crc_error_burst,610,2026-08-24 20:22:24.365095
85,gateway,gateway,3,crc_error_burst,620,2026-08-24 20:37:30.591076
86,gateway,gateway,3,crc_error_burst,630,2026-08-24 20:52:36.742889
87,gateway,gateway,3,crc_error_burst,640,2026-08-24 21:12:24.830310
88,gateway,gateway,3,crc_error_burst,650,2026-08-24 21:27:31.017569
89,gateway,gateway,3,crc_error_burst,660,2026-08-24 21:42:37.194718
90,gateway,gateway,3,crc_error_burst,670,2026-08-24 22:02:27.241564
91,gateway,gateway,3,crc_error_burst,680,2026-08-24 22:17:27.337592
92,gateway,gateway,3,crc_error_burst,690,2026-08-24 22:32:33.515576
93,gateway,gateway,3,crc_error_burst,700,2026-08-24 22:47:33.640965
94,gateway,gateway,3,crc_error_burst,710,2026-08-24 23:02:39.779537
95,gateway,gateway,3,crc_error_burst,720,2026-08-24 23:22:23.889527
96,gateway,gateway,3,crc_error_burst,730,2026-08-24 23:37:34.225235
97,gateway,gateway,3,crc_error_burst,740,2026-08-24 23:52:40.363377
98,gateway,gateway,3,crc_error_burst,750,2026-08-25 00:12:24.439481
99,gateway,gateway,3,crc_error_burst,760,2026-08-25 00:22:46.703510
100,gateway,gateway,3,crc_error_burst,770,2026-08-25 00:37:36.765631
101,gateway,gateway,3,crc_error_burst,780,2026-08-25 00:52:36.966699
102,gateway,gateway,3,crc_error_burst,790,2026-08-25 01:07:41.160927
103,gateway,gateway,3,crc_error_burst,800,2026-08-25 01:27:25.115291
104,gateway,gateway,3,crc_error_burst,810,2026-08-25 01:42:37.398096
105,gateway,gateway,3,crc_error_burst,820,2026-08-25 01:57:37.496938
106,gateway,gateway,3,crc_error_burst,830,2026-08-25 02:17:25.515313
107,gateway,gateway,3,crc_error_burst,840,2026-08-25 02:32:31.694661
108,gateway,gateway,3,crc_error_burst,850,2026-08-25 02:47:25.683142
109,gateway,gateway,3,crc_error_burst,860,2026-08-25 03:02:25.765489
110,gateway,gateway,3,crc_error_burst,870,2026-08-25 03:17:25.830083
111,gateway,gateway,3,crc_error_burst,880,2026-08-25 03:32:31.974357
112,gateway,gateway,3,crc_error_burst,890,2026-08-25 03:47:38.113195
113,gateway,gateway,3,crc_error_burst,900,2026-08-25 04:07:26.197563
114,gateway,gateway,3,crc_error_burst,910,2026-08-25 04:09:57.198338
115,gateway,gateway,3,crc_error_burst,920,2026-08-25 04:11:45.947296
116,gateway,gateway,3,crc_error_burst,930,2026-08-25 04:22:26.267156
117,gateway,gateway,3,crc_error_burst,940,2026-08-25 04:42:28.442310
118,gateway,gateway,3,crc_error_burst,950,2026-08-25 04:52:34.073122
119,gateway,gateway,3,crc_error_burst,960,2026-08-25 05:02:44.040484
120,gateway,gateway,3,crc_error_burst,970,2026-08-25 05:17:40.901505
121,gateway,gateway,3,crc_error_burst,980,2026-08-25 05:32:47.400540
122,gateway,gateway,3,crc_error_burst,990,2026-08-25 05:47:28.410190
123,gateway,gateway,3,crc_error_burst,1000,2026-08-25 06:07:29.155358
124,gateway,gateway,3,crc_error_burst,1010,2026-08-25 06:17:45.374874
125,gateway,gateway,5,network_backlog_dropped,711,2026-08-25 13:05:37.481106
126,stage3-lowpower,node,8,air_sensor_nan,274,2026-08-25 13:07:48.985097
127,stage3-lowpower,node,8,air_sensor_nan,275,2026-08-25 13:12:39.074749
128,gateway,gateway,3,crc_error_burst,20,2026-08-25 13:12:45.980131
129,stage3-lowpower,node,8,air_sensor_nan,276,2026-08-25 13:17:55.891198
130,stage3-lowpower,node,8,air_sensor_nan,277,2026-08-25 13:22:37.505068
131,stage3-lowpower,node,8,air_sensor_nan,277,2026-08-25 13:22:48.958456
132,stage3-lowpower,node,8,air_sensor_nan,277,2026-08-25 13:22:48.991853
133,gateway,gateway,5,network_backlog_dropped,42,2026-08-25 13:28:48.895404
134,stage3-lowpower,node,8,air_sensor_nan,279,2026-08-25 13:32:45.774971
135,gateway,gateway,3,crc_error_burst,30,2026-08-25 13:33:13.194430
136,gateway,gateway,5,network_backlog_dropped,167,2026-08-25 13:41:00.769009
137,stage3-lowpower,node,8,air_sensor_nan,281,2026-08-25 13:43:41.514084
138,stage3-lowpower,node,8,air_sensor_nan,282,2026-08-25 13:47:39.001740
139,stage3-lowpower,node,8,air_sensor_nan,282,2026-08-25 13:47:42.489826
140,stage3-lowpower,node,8,air_sensor_nan,282,2026-08-25 13:47:56.341934
141,stage3-lowpower,node,8,air_sensor_nan,283,2026-08-25 13:52:35.740237
142,stage3-lowpower,node,8,air_sensor_nan,283,2026-08-25 13:52:39.150326
143,gateway,gateway,3,crc_error_burst,40,2026-08-25 13:52:42.702956
144,stage3-lowpower,node,8,air_sensor_nan,284,2026-08-25 13:57:56.362979
145,gateway,gateway,3,crc_error_burst,50,2026-08-25 14:01:47.053738
146,stage3-lowpower,node,8,air_sensor_nan,285,2026-08-25 14:02:35.407044
147,stage3-lowpower,node,8,air_sensor_nan,285,2026-08-25 14:02:38.894422
148,stage3-lowpower,node,8,air_sensor_nan,286,2026-08-25 14:07:39.386187
149,stage3-lowpower,node,8,air_sensor_nan,286,2026-08-25 14:07:42.821348
150,stage3-lowpower,node,8,air_sensor_nan,286,2026-08-25 14:07:56.734944
151,gateway,gateway,3,crc_error_burst,60,2026-08-25 14:12:39.666480
152,stage3-lowpower,node,8,air_sensor_nan,287,2026-08-25 14:12:43.258954
153,stage3-lowpower,node,8,air_sensor_nan,287,2026-08-25 14:12:46.696731
154,stage3-lowpower,node,8,air_sensor_nan,287,2026-08-25 14:12:53.652733
155,stage3-lowpower,node,8,air_sensor_nan,287,2026-08-25 14:12:57.134596
156,stage3-lowpower,node,8,air_sensor_nan,288,2026-08-25 14:17:39.392477
157,stage3-lowpower,node,8,air_sensor_nan,288,2026-08-25 14:17:42.829431
158,stage3-lowpower,node,8,air_sensor_nan,288,2026-08-25 14:17:49.790986
159,stage3-lowpower,node,8,air_sensor_nan,288,2026-08-25 14:17:53.272409
160,stage3-lowpower,node,8,air_sensor_nan,289,2026-08-25 14:22:43.456115
161,stage3-lowpower,node,8,air_sensor_nan,289,2026-08-25 14:22:46.942047
162,stage3-lowpower,node,8,air_sensor_nan,289,2026-08-25 14:22:57.318557
163,stage3-lowpower,node,8,air_sensor_nan,290,2026-08-25 14:27:35.389075
164,stage3-lowpower,node,8,air_sensor_nan,290,2026-08-25 14:27:45.820970
165,stage3-lowpower,node,8,air_sensor_nan,291,2026-08-25 14:32:35.602690
166,stage3-lowpower,node,8,air_sensor_nan,291,2026-08-25 14:32:39.034929
167,stage3-lowpower,node,8,air_sensor_nan,291,2026-08-25 14:32:46.002971
168,stage3-lowpower,node,8,air_sensor_nan,291,2026-08-25 14:32:49.439090
169,gateway,gateway,3,crc_error_burst,70,2026-08-25 14:32:56.212245
170,stage3-lowpower,node,8,air_sensor_nan,292,2026-08-25 14:37:38.102924
171,gateway,gateway,3,crc_error_burst,80,2026-08-25 14:37:44.310991
172,stage3-lowpower,node,8,air_sensor_nan,292,2026-08-25 14:37:55.481740
173,stage3-lowpower,node,8,air_sensor_nan,293,2026-08-25 14:42:35.266206
174,stage3-lowpower,node,8,air_sensor_nan,293,2026-08-25 14:42:42.202997
175,stage3-lowpower,node,8,air_sensor_nan,293,2026-08-25 14:42:56.101423
176,stage3-lowpower,node,8,air_sensor_nan,294,2026-08-25 14:47:35.378320
177,stage3-lowpower,node,8,air_sensor_nan,294,2026-08-25 14:47:45.812903
178,stage3-lowpower,node,8,air_sensor_nan,294,2026-08-25 14:47:56.235068
179,stage3-lowpower,node,8,air_sensor_nan,295,2026-08-25 14:52:42.146815
180,stage3-lowpower,node,8,air_sensor_nan,295,2026-08-25 14:52:45.637410
181,stage3-lowpower,node,8,air_sensor_nan,295,2026-08-25 14:52:52.600418
182,gateway,gateway,3,crc_error_burst,90,2026-08-25 14:57:42.056885
183,stage3-lowpower,node,8,air_sensor_nan,297,2026-08-25 15:02:42.246242
184,stage3-lowpower,node,8,air_sensor_nan,297,2026-08-25 15:02:45.729903
185,stage3-lowpower,node,8,air_sensor_nan,297,2026-08-25 15:02:56.158054
186,stage3-lowpower,node,8,air_sensor_nan,298,2026-08-25 15:07:38.477103
187,stage3-lowpower,node,8,air_sensor_nan,298,2026-08-25 15:07:41.912515
188,stage3-lowpower,node,8,air_sensor_nan,298,2026-08-25 15:07:48.857976
189,stage3-lowpower,node,8,air_sensor_nan,298,2026-08-25 15:07:52.344202
190,stage3-lowpower,node,8,air_sensor_nan,298,2026-08-25 15:07:55.825026
191,stage3-lowpower,node,8,air_sensor_nan,299,2026-08-25 15:12:38.383026
192,stage3-lowpower,node,8,air_sensor_nan,299,2026-08-25 15:12:41.818895
193,gateway,gateway,3,crc_error_burst,100,2026-08-25 15:15:54.223546
194,stage3-lowpower,node,8,air_sensor_nan,300,2026-08-25 15:17:38.565907
195,stage3-lowpower,node,8,air_sensor_nan,300,2026-08-25 15:17:42.050964
196,stage3-lowpower,node,8,air_sensor_nan,300,2026-08-25 15:17:52.437053
197,gateway,gateway,3,crc_error_burst,110,2026-08-25 15:27:34.842953
198,stage3-lowpower,node,8,air_sensor_nan,302,2026-08-25 15:27:52.215020
199,stage3-lowpower,node,8,air_sensor_nan,303,2026-08-25 15:32:52.329415
200,stage3-lowpower,node,8,air_sensor_nan,304,2026-08-25 15:37:35.018608
201,stage3-lowpower,node,8,air_sensor_nan,304,2026-08-25 15:37:38.460076
202,stage3-lowpower,node,8,air_sensor_nan,304,2026-08-25 15:37:48.874127
203,stage3-lowpower,node,8,air_sensor_nan,304,2026-08-25 15:37:52.358551
204,stage3-lowpower,node,8,air_sensor_nan,305,2026-08-25 15:42:52.457180
205,gateway,gateway,3,crc_error_burst,120,2026-08-25 15:47:35.100434
206,stage3-lowpower,node,8,air_sensor_nan,306,2026-08-25 15:47:52.466475
207,stage3-lowpower,node,8,air_sensor_nan,307,2026-08-25 15:52:38.457436
208,stage3-lowpower,node,8,air_sensor_nan,308,2026-08-25 15:57:52.604693
209,gateway,gateway,3,crc_error_burst,130,2026-08-25 16:02:55.333563
210,stage3-lowpower,node,8,air_sensor_nan,310,2026-08-25 16:07:48.718415
211,stage3-lowpower,node,8,air_sensor_nan,313,2026-08-25 16:22:34.829839
212,gateway,gateway,3,crc_error_burst,140,2026-08-25 16:22:41.738414
213,stage3-lowpower,node,8,air_sensor_nan,314,2026-08-25 16:27:34.968000
214,stage3-lowpower,node,8,air_sensor_nan,315,2026-08-25 16:32:34.874991
215,gateway,gateway,3,crc_error_burst,150,2026-08-25 16:37:45.254908
216,stage3-lowpower,node,8,air_sensor_nan,317,2026-08-25 16:42:41.664328
217,stage3-lowpower,node,8,air_sensor_nan,317,2026-08-25 16:42:45.094929
218,stage3-lowpower,node,8,air_sensor_nan,319,2026-08-25 16:52:41.686342
219,stage3-lowpower,node,8,air_sensor_nan,319,2026-08-25 16:52:55.596337
220,gateway,gateway,3,crc_error_burst,160,2026-08-25 16:57:41.446402
221,stage3-lowpower,node,8,air_sensor_nan,320,2026-08-25 16:57:55.334983
222,stage3-lowpower,node,8,air_sensor_nan,322,2026-08-25 17:07:41.322947
223,stage3-lowpower,node,8,air_sensor_nan,323,2026-08-25 17:12:37.696006
224,stage3-lowpower,node,8,air_sensor_nan,323,2026-08-25 17:12:48.128494
225,stage3-lowpower,node,8,air_sensor_nan,323,2026-08-25 17:12:51.612677
226,gateway,gateway,3,crc_error_burst,170,2026-08-25 17:17:50.682968
227,stage3-lowpower,node,8,air_sensor_nan,325,2026-08-25 17:22:47.486668
228,gateway,gateway,3,crc_error_burst,180,2026-08-25 17:32:50.189357
229,stage3-lowpower,node,8,air_sensor_nan,328,2026-08-25 17:37:41.704703
230,stage3-lowpower,node,8,air_sensor_nan,329,2026-08-25 17:42:48.314143
231,gateway,gateway,3,crc_error_burst,190,2026-08-25 17:52:40.334051
232,stage3-lowpower,node,8,air_sensor_nan,333,2026-08-25 18:02:53.868095
233,gateway,gateway,3,crc_error_burst,200,2026-08-25 18:07:40.367014
234,gateway,gateway,3,crc_error_burst,210,2026-08-25 18:17:53.265723
235,gateway,gateway,3,crc_error_burst,220,2026-08-25 18:32:40.452153
236,gateway,gateway,3,crc_error_burst,230,2026-08-25 18:42:46.942613
237,gateway,gateway,3,crc_error_burst,240,2026-08-25 18:53:12.761429
238,gateway,gateway,3,crc_error_burst,250,2026-08-25 19:08:09.396989
239,gateway,gateway,3,crc_error_burst,260,2026-08-25 19:27:55.373824
240,gateway,gateway,3,crc_error_burst,270,2026-08-25 19:37:59.479144
241,gateway,gateway,3,crc_error_burst,280,2026-08-25 19:48:09.381964
242,gateway,gateway,3,crc_error_burst,290,2026-08-25 20:53:03.055963
243,gateway,gateway,3,crc_error_burst,300,2026-08-26 10:23:10.807312
244,stage3-lowpower,node,7,i2c_sensor_missing,449,2026-08-27 08:08:07.161986
245,stage3-lowpower,node,8,air_sensor_nan,449,2026-08-27 08:08:07.175357
246,stage3-lowpower,node,8,air_sensor_nan,449,2026-08-27 08:08:10.486464
247,stage3-lowpower,node,8,air_sensor_nan,449,2026-08-27 08:08:13.921249
248,stage3-lowpower,node,8,air_sensor_nan,449,2026-08-27 08:08:17.504050
249,stage3-lowpower,node,8,air_sensor_nan,449,2026-08-27 08:08:20.882928
250,stage3-lowpower,node,8,air_sensor_nan,449,2026-08-27 08:08:24.364845
251,stage3-lowpower,node,8,air_sensor_nan,449,2026-08-27 08:08:27.846550
252,stage3-lowpower,node,7,i2c_sensor_missing,454,2026-08-27 08:33:07.736612
253,stage3-lowpower,node,8,air_sensor_nan,454,2026-08-27 08:33:07.748733
254,stage3-lowpower,node,8,air_sensor_nan,454,2026-08-27 08:33:11.216030
255,stage3-lowpower,node,8,air_sensor_nan,454,2026-08-27 08:33:14.621883
256,stage3-lowpower,node,8,air_sensor_nan,454,2026-08-27 08:33:18.179053
257,stage3-lowpower,node,8,air_sensor_nan,454,2026-08-27 08:33:21.574955
258,stage3-lowpower,node,8,air_sensor_nan,454,2026-08-27 08:33:25.048278
259,stage3-lowpower,node,8,air_sensor_nan,454,2026-08-27 08:33:28.623019
260,gateway,gateway,3,crc_error_burst,310,2026-08-27 09:08:08.914052
261,stage3-lowpower,node,8,air_sensor_nan,485,2026-08-27 11:08:22.367053
262,stage3-lowpower,node,8,air_sensor_nan,485,2026-08-27 11:08:25.849972
263,stage3-lowpower,node,8,air_sensor_nan,485,2026-08-27 11:08:29.330834
