ms,raw
31,1483
57,1963
82,2205
107,2340
132,2421
157,2471
182,2505
207,2525
232,2539
257,2549
282,2555
307,2565
332,2569
357,2572
382,2581
407,2578
432,2567
457,2579
482,2579
507,2581
532,2583
557,2581
582,2581
607,2581
632,2582
657,2583
682,2579
707,2587
732,2581
757,2584
782,2569
807,2583
832,2584
857,2583
882,2581
907,2582
932,2584
957,2585
982,2585
1007,2582
1032,2582
1057,2583
1082,2654
1107,2583
1132,2583
1157,2585
1182,2585
1207,2585
1232,2584
1257,2584
1282,2583
1307,2584
1332,2585
1357,2585
1382,2585
1407,2583
1432,2585
1457,2579
1482,2583
1507,2584
1532,2583
1557,2711
1582,2584
1607,2585
1632,2521
1657,2585
1682,2585
1707,2585
1732,2555
1757,2585
1782,2584
1807,2585
1832,2585
1857,2587
1882,2585
1907,2584
1932,2584
1957,2587
1982,2585
2007,2585
2032,2585
2057,2503
2082,2585
2107,2583
2132,2585
2157,2585
2182,2585
2207,2585
2232,2584
2257,2585
2282,2585
2307,2585
2332,2587
2357,2584
2382,2585
2407,2589
2432,2584
2457,2587
2482,2620
2507,2587
2532,2585
2557,2585
2582,2585
2607,2584
2632,2583
2657,2585
2682,2587
2707,2586
2732,2586
2757,2585
2782,2584
2807,2587
2832,2584
2857,2587
2882,2645
2907,2586
2932,2587
2957,2586
2982,2583
3007,2585
3032,2585
3057,2587
3082,2585
3107,2586
3132,2585
3157,2586
3182,2587
3207,2587
3232,2587
3257,2587
3282,2585
3307,2585
3332,2587
3357,2586
3382,2587
3407,2586
3432,2587
3457,2587
3482,2585
3507,2587
3532,2585
3557,2583
3582,2587
3607,2584
3632,2585
3657,2586
3682,2589
3707,2587
3732,2585
3757,2587
3782,2586
3807,2587
3832,2585
3857,2587
3882,2586
3907,2586
3932,2587
3957,2585
3982,2587
4007,2590
4032,2587
4057,2587
4082,2585
4107,2587
4132,2586
4157,2586
4182,2551
4207,2590
4232,2575
4257,2590
4282,2587
4307,2588
4332,2584
4357,2587
4382,2587
4407,2587
4432,2586
4457,2587
4482,2587
4507,2587
4532,2589
4557,2587
4582,2596
4607,2587
4632,2589
4657,2587
4682,2587
4707,2587
4732,2586
4757,2587
4782,2587
4807,2587
4832,2587
4857,2587
4882,2587
4907,2587
4932,2587
4957,2584
4982,2587
5007,2588
5032,2587
5057,2585
5082,2588
5107,2584
5132,2587
5157,2586
5182,2586
5207,2587
5232,2585
5257,2586
5282,2585
5307,2585
5332,2587
5357,2587
5382,2587
5407,2587
5432,2588
5457,2587
5482,2586
5507,2587
5532,2591
5557,2585
5582,2587
5607,2585
5632,2585
5657,2588
5682,2587
5707,2587
5732,2587
5757,2590
5782,2587
5807,2586
5832,2585
5857,2586
5882,2587
5907,2587
5932,2586
5957,2587
5982,2586
6007,2588
6032,2587
6057,2589
6082,2587
6107,2585
6132,2587
6157,2581
6182,2586
6207,2586
6232,2585
6257,2587
6282,2585
6307,2587
6332,2587
6357,2587
6382,2587
6407,2587
6432,2591
6457,2587
6482,2587
6507,2587
6532,2587
6557,2586
6582,2590
6607,2579
6632,2585
6657,2587
6682,2587
6707,2575
6732,2585
6757,2586
6782,2587
6807,2837
6832,2587
6857,2585
6882,2588
6907,2587
6932,2586
6957,2587
6982,2587
7007,2588
7032,2589
7057,2586
7082,2586
7107,2585
7132,2588
7157,2587
7182,2587
7207,2520
7232,2588
7257,2585
7282,2591
7307,2588
7332,2590
7357,2589
7382,2587
7407,2587
7432,2588
7457,2587
7482,2587
7507,2588
7532,2539
7557,2587
7582,2586
7607,2586
7632,2586
7657,2588
7682,2590
7707,2588
7732,2588
7757,2587
7782,2591
7807,2585
7832,2586
7857,2586
7882,2585
7907,2590
7932,2587
7957,2585
7982,2585
8007,2586
8032,2587
8057,2587
8082,2588
8107,2583
8132,2587
8157,2587
8182,2587
8207,2587
8232,2587
8257,2587
8282,2586
8307,2587
8332,2588
8357,2589
8382,2587
8407,2651
8432,2587
8457,2589
8482,2589
8507,2587
8532,2587
8557,2589
8582,2586
8607,2587
8632,2587
8657,2588
8682,2587
8707,2591
8732,2587
8757,2587
8782,2587
8807,2587
8832,2588
8857,2587
8882,2587
8907,2587
8932,2589
8957,2586
8982,2588
9007,2587
9032,2587
9057,2588
9082,2589
9107,2587
9132,2585
9157,2586
9182,2592
9207,2590
9232,2581
9257,2660
9282,2588
9307,2587
9332,2586
9357,2589
9382,2587
9407,2589
9432,2587
9457,2589
9482,2587
9507,2589
9532,2588
9557,2584
9582,2587
9607,2587
9632,2587
9657,2588
9682,2588
9707,2589
9732,2587
9757,2587
9782,2589
9807,2587
9832,2587
9857,2591
9882,2587
9907,2587
9932,2587
9957,2587
9982,2588
ms,raw
32,1487
58,1966
83,2201
108,2335
133,2420
158,2467
183,2503
208,2521
233,2535
258,2549
283,2527
308,2565
333,2568
358,2567
383,2572
408,2573
433,2575
458,2701
483,2575
508,2581
533,2580
558,2579
583,2579
608,2580
633,2579
658,2581
683,2581
708,2581
733,2581
758,2581
783,2581
808,2579
833,2581
858,2581
883,2580
908,2584
933,2581
958,2581
983,2582
1008,2583
1033,2581
1058,2582
1083,2581
1108,2583
1133,2581
1158,2581
1183,2584
1208,2584
1233,2582
1258,2581
1283,2583
1308,2583
1333,2580
1358,2583
1383,2584
1408,2587
1433,2583
1458,2604
1483,2583
1508,2583
1533,2583
1558,2583
1583,2585
1608,2585
1633,2584
1658,2585
1683,2583
1708,2584
1733,2585
1758,2585
1783,2583
1808,2585
1833,2648
1858,2584
1883,2584
1908,2584
1933,2583
1958,2584
1983,2583
2008,2584
2033,2584
2058,2584
2083,2584
2108,2581
2133,2584
2158,2584
2183,2584
2208,2583
2233,2583
2258,2584
2283,2583
2308,2585
2333,2585
2358,2589
2383,2587
2408,2586
2433,2587
2458,2584
2483,2583
2508,2585
2533,2581
2558,2584
2583,2584
2608,2584
2633,2586
2658,2585
2683,2584
2708,2584
2733,2585
2758,2587
2783,2585
2808,2584
2833,2584
2858,2585
2883,2584
2908,2571
2933,2585
2958,2583
2983,2586
3008,2585
3033,2585
3058,2583
3083,2584
3108,2584
3133,2583
3158,2578
3183,2584
3208,2588
3233,2584
3258,2585
3283,2585
3308,2587
3333,2584
3358,2585
3383,2584
3408,2585
3433,2587
3458,2585
3483,2588
3508,2583
3533,2584
3558,2585
3583,2585
3608,2583
3633,2585
3658,2539
3683,2585
3708,2584
3733,2585
3758,2583
3783,2581
3808,2585
3833,2587
3858,2585
3883,2585
3908,2584
3933,2587
3958,2585
3983,2585
4008,2585
4033,2585
4058,2585
4083,2586
4108,2585
4133,2584
4158,2584
4183,2585
4208,2586
4233,2586
4258,2585
4283,2575
4308,2585
4333,2587
4358,2587
4383,2585
4408,2587
4433,2523
4458,2586
4483,2584
4508,2587
4533,2584
4558,2585
4583,2586
4608,2585
4633,2585
4658,2586
4683,2585
4708,2585
4733,2585
4758,2585
4783,2585
4808,2586
4833,2587
4858,2577
4883,2584
4908,2587
4933,2585
4958,2584
4983,2584
5008,2586
5033,2584
5058,2587
5083,2585
5108,2585
5133,2571
5158,2585
5183,2585
5208,2587
5233,2584
5258,2585
5283,2588
5308,2585
5333,2587
5358,2586
5383,2585
5408,2585
5433,2585
5458,2584
5483,2585
5508,2585
5533,2584
5558,2581
5583,2585
5608,2584
5633,2582
5658,2585
5683,2443
5708,2579
5733,2585
5758,2585
5783,2584
5808,2585
5833,2585
5858,2585
5883,2587
5908,2585
5933,2590
5958,2584
5983,2584
6008,2585
6033,2586
6058,2585
6083,2585
6108,2583
6133,2585
6158,2474
6183,2587
6208,2587
6233,2587
6258,2586
6283,2587
6308,2589
6333,2585
6358,2586
6383,2586
6408,2587
6433,2586
6458,2590
6483,2585
6508,2587
6533,2585
6558,2587
6583,2585
6608,2585
6633,2587
6658,2585
6683,2586
6708,2587
6733,2585
6758,2587
6783,2585
6808,2585
6833,2585
6858,2587
6883,2585
6908,2586
6933,2587
6958,2585
6983,2585
7008,2585
7033,2585
7058,2585
7083,2585
7108,2587
7133,2586
7158,2585
7183,2586
7208,2584
7233,2585
7258,2585
7283,2591
7308,2587
7333,2585
7358,2588
7383,2586
7408,2584
7433,2585
7458,2586
7483,2585
7508,2586
7533,2587
7558,2585
7583,2588
7608,2585
7633,2589
7658,2589
7683,2584
7708,2586
7733,2585
7758,2589
7783,2586
7808,2589
7833,2585
7858,2587
7883,2586
7908,2588
7933,2585
7958,2584
7983,2587
8008,2585
8033,2588
8058,2585
8083,2587
8108,2587
8133,2587
8158,2586
8183,2585
8208,2588
8233,2587
8258,2586
8283,2584
8308,2587
8333,2589
8358,2586
8383,2585
8408,2587
8433,2585
8458,2591
8483,2585
8508,2587
8533,2589
8558,2587
8583,2585
8608,2584
8633,2587
8658,2587
8683,2587
8708,2587
8733,2587
8758,2585
8783,2585
8808,2585
8833,2587
8858,2585
8883,2586
8908,2587
8933,2585
8958,2585
8983,2587
9008,2585
9033,2585
9058,2583
9083,2584
9108,2585
9133,2587
9158,2582
9183,2588
9208,2587
9233,2587
9258,2587
9283,2617
9308,2590
9333,2600
9358,2585
9383,2587
9408,2586
9433,2585
9458,2587
9483,2589
9508,2587
9533,2585
9558,2586
9583,2587
9608,2585
9633,2588
9658,2587
9683,2607
9708,2585
9733,2587
9758,2587
9783,2586
9808,2587
9833,2585
9858,2585
9883,2586
9908,2586
